title,class
Knowledge Discovery in Databases: An Overview,ILP
A Product Customization Module Based on Adaptation Operators for CBR Systems in E-Commerce Environments,CBR
PRODIGY/ANALOGY: Analogical Reasoning in General Problem Solving,CBR
Competence-Guided Case-Base Editing Techniques,CBR
Probabilistic Indexing for Case-Based Prediction,CBR
An Engineering Approach for Troubleshooting Case Bases,CBR
Top-down Induct ion of Logic Programs from Incomplete Samples ,ILP
A Method for Open­Vocabulary Speech­Driven Text Retrieval,RI
Using Case-Based Reasoning for Argumentation with Multiple Viewpoints,CBR
A Logical Representation for Relevance Criteria,CBR
Learning Multilingual Morphology with CLOG,ILP
Structural Similarity as Guidance in Case-Based Design ,CBR
How Case-Based Reasoning and Cooperative Query Answering Techniques Support RICAD?,CBR
"The SENSEVAL­2 Panel on Domains, Topics and Senses",RI
A Case-Based Reasoner Adaptive to Different Cognitive Tasks,CBR
One­way Functions are Essential for Single­Server Private Information Retrieval,RI
Using Logical Decision Trees for Clustering,ILP
CBR and Machine Learning for Combustion System Design,CBR
PRIME: A System for Multi­lingual Patent Retrieval,RI
Cross­Lingual Medical Information Retrieval through Semantic Annotation,RI
An Interactive Beat Tracking and Visualisation System,SON
Applying Recursive CBR for the Customization of Structured Products in an Electronic Shop,CBR
Listen to your Data: Model-Based Sonification for Data Analysis,SON
Cases as terms: A feature term approach to the structured representation of cases,CBR
Design of Virtual 3D Instruments for Musical Interaction,SON
Audio feedback for gesture recognition,SON
SOUND EFFECTS FOR A SILENT COMPUTER SYSTEM,SON
Modal Synthesis of Wind Chime Sounds with Stochastic Event Triggering,SON
A Method for Predicting Solutions in Case-Based Problem Solving,CBR
Representing and Indexing Building Refurbishment Cases for Multiple Retrieval of Adaptable Pieces of Cases,CBR
Cost Estimation of Software Projects through Case Base Reasoning,CBR
Towards using a Single Uniform Metric in Instance-Based Learning,CBR
FISHEARS The Design of a Multimodal Focus and Context System,SON
Towards Improving Case Adaptability with a Genetic Algorithm,CBR
CBR for Document Retrieval: The EALLQ Project,CBR
Retrieving Gases in Structured Domains by Using Goal Dependencies ,CBR
Adaptation Using Constraint Satisfaction Techniques ,CBR
Probability Based Metrics for Nearest Neighbor Classification and Case-Based Reasoning,CBR
Infranet: Circumventing Web Censorship and Surveillance,RI
Using Sounds to Present and Manage Information in Computers,SON
Improved Noise­Tolerant Learning and Generalized Statistical Queries,RI
REMEX - A Case-Based Approach for Reusing Software Measurement Experienceware,CBR
Encouraging Self-Explanation Through Case-Based Tutoring: A Case Study,CBR
A Framework for Defining Distances Between First-Order Logic Objects,ILP
ITR: A Case-Based Travel Advisory System,CBR
ILP: Just Do It,ILP
A Unified Model for Metasearch and the Efficient Evaluation of Retrieval Systems via the Hedge Algorithm,RI
Case-Based Information Retrieval,CBR
Probabilistic Relational Models,ILP
Modular System Design for Multimedial Information Handling,RI
Separating the Cases from the Data: Towards More Flexible Case-Based Reasoning,CBR
Efficient Similarity Determination and Case Construction Techniques for Case-Based Reasoning,CBR
SONIFICATION OF MARKOV CHAIN MONTE CARLO SIMULATIONS,SON
Learning with Abduction,ILP
Secret Sharing with Public Reconstruction,RI
Universally Ideal Secret Sharing Schemes \Lambda,RI
On the Relation between the Context of a Feature and the Domain Theory in Case-Based Planning,CBR
A Case-Based Reasoning Approach to Collaborative Filtering,CBR
Improving Case-Based Recommendation A Collaborative Filtering Approach,CBR
Rule Evaluation Measures: A Unifying View,ILP
SCAN YOUR LIFE: Integrating OCR into your Personal Haystack!,RI
Heterogeneous Web Data Extraction using Ontology Hicham Snoussi,RI
Semi­automatic Acquisition of Machine Translation Knowledge from Examples,RI
Learning Functions Represented as Multiplicity Automata \Lambda,RI
Comparing the Performance of Database Selection Algorithms,RI
PAC Analyses of a Similarity Learning IBL Algorithm,CBR
Inducing Information Extraction Systems for New Languages via Cross­Language Projection,RI
"Towards the Integration of Case-Based, Schema-Based and Model-Based Reasoning for Supporting Complex Design Tasks",CBR
Is CBR Applicable to the Coordination of Search and Rescue Operations? A Feasibility Study,CBR
The Query Complexity of Finding Local Minima in the Lattice 1,RI
Learning Horn Definitions with Equivalence and Membership Queries,ILP
Multimodal Feedback for Tilt Controlled Speed Dependent Automatic Zooming,SON
Integrating Information Resources: A Case Study of Engineering Design Support,CBR
Automatic Case Base Management in a Multi-modal Reasoning System,CBR
Combining Statistical and Relational Methods for Learning in Hypertext Domains,ILP
Experiments in Predicting Biodegradability,ILP
Unearthing virtual history: using diverse interfaces to reveal hidden virtual worlds,SON
Tuning Production Processes through a Case Based Reasoning Approach,CBR
Representing Knowledge for Case-Based Reasoning: The ROCADE System,CBR
A Virtual World for an Autonomous Underwater Vehicle,SON
Using Introspective Learning to Improve Retrieval in CBR: A Case Study in Air Traffic Control ,CBR
Using Statistical Translation Models for Bilingual IR,RI
Integrating Case-Based Reasoning and Hypermedia Documentation: An Application for the Diagnosis of a Welding Robot at Odense Steel Shipyard,CBR
On the use of CBR in optimisation problems such as the TSP,CBR
An Empirical Study of Automated Dictionary Construction for Information Extraction in Three Domains,RI
Tuning Rules by Cases,CBR
Learning Logic Programs with Random Classification Noise,ILP
A model for interaction in exploratory sonification displays,SON
On Sufficient Conditions for Learnability of Logic Programs from Positive Data,ILP
An Explicit Representation of Reasoning Failures,CBR
A Scalable Approach for Question Based Indexing of Encyclopedic Texts,CBR
ForMAT and Parka: A Technology Integration Experiment and Beyond,CBR
Generalizing Refinement Operators to Learn Prenex Conjunctive Normal Forms,ILP
Perspectives: A Declarative Bias Mechanism for Case Retrieval ,CBR
MARSYAS: A framework for audio analysis,RI
A Rule-Based Similarity Measure,CBR
Rsings - or using R to sonify data,SON
A Case Study in Using Linguistic Phrases for Text Categorization on the WWW,RI
Real Time Holter Monitoring of Biomedical Signals,SON
Learning Query Behavior in the Haystack System,RI
Design and Implementation of an Object-oriented Media Com position Framework,SON
An Auditory Display System for Aiding Interjoint Coordination,SON
Handling Vague and Qualitative Criteria in Case-Based Reasoning Applications,CBR
"MANIFOLD COMPOSITIONS, MUSIC VISUALIZATION, AND SCIENTIFIC SONIFICATION IN AN IMMERSIVE VIRTUAL-REALITY ENVIRONMENT",SON
Tcl Commands as Media in a Distributed Multimedia Toolkit ,RI
Learning Word Segmentation Rules for Tag Prediction,ILP
A Strong Complete Schema for Inductive Functional Logic Programming,ILP
A Series of Three Mixed Reality Workshops: Sounding Out Sound in Mixed Reality Environment,SON
Diary in the sky: A spatial audio display for a mobile calendar,SON
CASE-DELIVERER: Making Cases Relevant to the Task at Hand,CBR
Integrating Conversational Case Retrieval with Generative Planning,CBR
SOUND ANALYSIS USING MPEG COMPRESSED AUDIO,RI
Learning Strategies for Explanation Patterns: Basic Game Patterns with Application to Chess,CBR
A Logical Database Mining Query Language,ILP
Image Background Search: Combining Object Detection Techniques into Content­Based Similarity Image Retrieval(CBSIR) Systems,RI
Completing Inverse Entailment,ILP
Distance Between Herbrand Interpretations: A Measure for Approximations to a Target Concept,ILP
CLIR using a Probabilistic Translation Model based on Web Documents,RI
DOM-ArC: An Active Decision Support System for Quality Assessment of Cases,CBR
Analogical Prediction,ILP
Using Abstraction Schemata in Inductive Logic Programming,ILP
Using k-d Trees to Improve the Retrieval Step in Case-Based Reasoning,CBR
A Mirror Neuron System for Syntax Acquisition,RI
In Search of a Standards Based Approach to Hybrid Performance Monitoring,SON
An Application of Case-Based Reasoning to the Adaptive Management of Wireless Networks,CBR
Surviving the Information Explosion: How People Find Their Electronic Information,RI
General Bounds on Statistical Query Learning and PAC Learning with Noise via Hypothesis Boosting,RI
The Impact of Database Selection on Distributed Searching,RI
"The Var se System, Hybrid Auditory Interfaces, and Satellite-Ground Control: Using Auditory Icons and SoniÞcation in a Complex, Supervisory Control System",SON
"Audio Analysis using the Discrete Wavelet Transform George Tzanetakis, Georg Essl, Perry Cook",RI
Activating Case-Based Reasoning with Active Databases,CBR
Displaying Dynamic Information,RI
On the Sample Complexity of Noise­Tolerant Learning,RI
Explanation- Driven Case- Based Reasoning,CBR
Solving Selection Problems Using Preference Relation Based on Bayesian Learning,ILP
"A Unified Model for Metasearch, Pooling, and System Evaluation",RI
Case-Based Reasoning with Confidence,CBR
Normal Programs and Multiple Predicate,ILP
Static and Dynamic Information Organization with Star Clusters,RI
Combining Medical Records with Case-Based Reasoning in a Mixed Paradigm Design -- TROPIX Architecture & Implementation,CBR
Learning to Improve Case Adaptation by Introspective Reasoning and CBR,CBR
Strongly Typed Inductive Concept Learning,ILP
A Case-Based Personal Travel Assistant for Elaborating User Requirements and Assessing Offers,CBR
Relational Distance-Based Clustering,ILP
The Case for Graph-Structured Representations,CBR
Term Comparisons in First-Order Similarity Measures,ILP
KBS Maintenance as Learning Two-Tiered Domain Representation ,CBR
A Unified Long-Term Memory System,CBR
Inductive Logic Programming for Natural Language Processing,ILP
A Bounded Search Space of Clausal Theories,ILP
Integrity Constraints in ILP Using a Monte Carlo Approach,ILP
Qualitative Knowledge to Support Reasoning About Cases,CBR
An Underlying Memory Model to Support Case Retrieval,CBR
A Logical Framework for Graph Theoretical Decision Tree Learning,ILP
Clustering Large Datasets in Arbitrary Metric Spaces,RI
When Experience Is Wrong: Examining CBR for Changing Tasks and Environments ,CBR
Experimenting with Haptic Attributes for Display of Abstract Data,SON
A Knowledge-Level Task Model of Adaptation in Case-Based Reasoning,CBR
Collaborative Case-Based Recommender Systems,CBR
Learning Structurally Indeterminate Clauses,ILP
Automatic Musical Genre Classification Of Audio Signals,RI
"A priori Selection of Mesh Densities for Adaptive Finite Element Analysis, using a Case-Based Reasoning Approach",CBR
TIME-VARYING FILTER IN NON-UNIFORM BLOCK CONVOLUTION,SON
Looking Under the Hood: Tools for Diagnosing Your Question Answering Engine 1,RI
BABBLE ONLINE: APPLYING STATISTICS AND DESIGN TO SONIFY THE INTERNET,SON
Evaluating Multi­lingual Information Retrieval and Clustering at ULIS,RI
Deleting and Building Sort Out Techniques for Case Base Maintenance,CBR
Learning Programs in the Event Calculus,ILP
"Relations between Customer Requirements, Performance Measures, and General Case Properties for Case Base Maintenance",CBR
Case-Based Reasoning for Estuarine Model Design,CBR
BROWSING MODES FOR EXPLORING SONIFIED LINE GRAPHS,SON
Mining Association Rules in Multiple Relations,ILP
A framework for audio analysis based on classification and temporal segmentation,RI
"MANIPULATION, ANALYSIS AND RETRIEVAL SYSTEMS FOR AUDIO SIGNALS",RI
Reasoning with Reasons in Case-Based Comparisons,CBR
Learning Unions of High Dimensional Boxes over the Reals,RI
Using Learned Extraction Patterns for Text Classification,RI
Specification and Simulation of Statistical Query Algorithms for Efficiency and Noise Tolerance,RI
A Multimodal Electronic Travel Aid Device,SON
Case-Based Reasoning in a Simulation Environment for Biological Neural Networks ,CBR
Reexamining the Cluster Hypothesis: Scatter/Gather on Retrieval Results \Lambda,RI
Function-Free Horn Clauses Are Hard to Approximate,ILP
Rendering Localized Spatial Audio in a Virtual Auditory Space,SON
On the Automatic Generation of Case Libraries by Chunking Chess Games,CBR
Near-Critical Path Analysis:  A Tool for Parallel Program Optimization,SON
Separating the Power of Monotone Span Programs over Different Fields,RI
Automating the Construction of Authority Files in Digital Libraries: A Case Study,RI
AUDIO-HAPTIC INTERNET BROWSER AND ASSOCIATED TOOLS FOR BLIND AND VISUALLY IMPAIRED COMPUTER USERS,SON
Remembering Why to Remember: Performance-Guided Case-Base Maintenance ,CBR
Operator Decision Aiding by Adaptation of Supervision Strategies,CBR
Using Case Data to Improve on Rule-based Function Approximation,CBR
Learning Prediction of Time Series. A Theoretical and Empirical Comparison of CBR with some other Approaches,CBR
On the Use of FastMap for Audio Retrieval and Browsing,SON
AUDIO-ENHANCED COLLABORATION AT AN INTERACTIVE ELECTRONIC WHITEBOARD,SON
Theory Recovery,ILP
CATEGORY: Artificial Intelligence Learning Human­like Knowledge by Singular Value Decomposition: A Progress Report,RI
Massively Parallel Case-Based Reasoning with Probabilistic Similarity Metrics,CBR
Japanese/English Cross­Language Information Retrieval: Exploration of Query Translation and Transliteration 1,RI
Using ILP-Systems for Verification and Validation of Multi-agent Systems,ILP
A Digital Libraries System based on Multi­level Agents,RI
Loose Coupling of Failure Explanation and Repair: sing Learning Goals to Sequence Learning Methods,CBR
Maximum Entropy Modeling with Clausal Constraints,ILP
Data Mining via ILP: The Application of Progol to a Database of Enantioseparations,ILP
Case Memory and Retrieval Based on the Immune System,CBR
On the Effectiveness of Evaluating Retrieval Systems in the Absence of Relevance Judgments #,RI
A Comparison of ILP and Propositional Systems on Propositional Traffic Data,ILP
Learning Extraction Patterns for Subjective Expressions,RI
Evaluation of Strategies for Generalised Cases within a Case-Based Reasoning Antibiotics Therapy Advice System,CBR
Learning to Refine Indexing by Introspective Reasoning,CBR
Musical Genre Classification of Audio Signals,RI
Retrieving Adaptable Cases The Role of Adaptation Knowledge in Case Retrieval,CBR
Executing Query Packs in ILP,ILP
Rhythmic Parsing of Sonified DNA and RNA Sequences,SON
Applications of Approximate Word Matching in Information Retrieval James C. French Allison L. Powell,RI
Information­Theoretic Private Information Retrieval: A Unified Construction,RI
Multimedia structuring using trees,RI
Footprint-Based Retrieval,CBR
LANGUAGE MODELING FOR MULTI­DOMAIN SPEECH­DRIVEN TEXT RETRIEVAL,RI
Solution-Relevant Abstractions Constrain Retrieval and Adaptation,CBR
On Arithmetic Branching Programs \Lambda,RI
Pitch Histograms in Audio and Symbolic Music Information Retrieval,RI
Similarity Metrics: A Formal Unification of Cardinal and Non-Cardinal Similarity Measures,CBR
Application of Inductive Logic Programming to Discover Rules Governing the Three-Dimensional Topology of Protein Structure,ILP
A Fuzzy Case Retrieval Approach Based on SQL for Implementing Electronic Catalogs,CBR
A Case Study of Case-Based CBR,CBR
An Inferential Approach to Information Retrieval and its Implementation using a Manual Thesaurus,RI
Orchestration within the Sonification of basic Data Sets,SON
Learning a Local Similarity Metric for Case-Based Reasoning,CBR
A-Subsumption and Its Application to Learning from Positive-only Examples,ILP
An Unsupervised Bayesian Distance Measure,CBR
Performance Issues in a Real-Time True Color Data Display,SON
Relevance Score Normalization for Metasearch #,RI
"A Multi­Layered, XML­Based Approach to the Integration of Linguis­ tic and Semantic Annotations",RI
Discovering New Knowledge from Graph Data Using Inductive Logic Programming,ILP
Personalised Route Planning: A Case-Based Approach,CBR
Using Machine Learning for Assigning Indices to Textual Cases,CBR
3D GRAPHICS TOOLS FOR SOUND COLLECTIONS,RI
Chord: A Scalable Peer­to­peer Lookup Service for Internet Applications,RI
LISTENING POST: GIVING VOICE TO ONLINE COMMUNICATION,SON
Case-Based Reasoning for Network Management,CBR
Scalable Information Organization #,RI
Supporting Combined Human and Machine Planning: An Interface for Planning by Analogical Reasoning,CBR
Running head: TEXTUAL COHERENCE USING LATENT SEMANTIC ANALYSIS The Measurement of Textual Coherence with Latent Semantic Analysis,RI
Integrating Sounds and Motions in Virtual Environments,SON
Using CBR for Automation of Software Design Patterns,CBR
Beyond the Query-By-Example Paradigm: New Query Interfaces for Music Information Retrieval,SON
Time in Geographic Space: Report on the Specialist Meeting of Research Initiative 10,SON
Running head: LEARNING FROM TEXT Learning from text: Matching readers and texts by Latent Semantic Analysis,RI
MOTION ESTIMATION BASED ON AFFINE MOMENT INVARIANTS,RI
Integrating Rule Induction and Case-Based Reasoning to Enhance Problem Solving,CBR
MUSE: A Musical Data Sonification Toolkit,SON
Towards Learning in CARIN-ALN,ILP
Multiple Explanation Patterns,CBR
Information Extraction as a Basis for High­Precision Text Classification,RI
An Integrated Virtual Environment System,SON
Analysis and User Evaluation of a Musical-V isual System: Does music make any difference?,SON
MULTIFEATURE AUDIO SEGMENTATION FOR BROWSING AND ANNOTATION,RI
Reliable Communication over Partially Authenticated Networks,RI
An Investigation of Marker-Passing Algorithms for Analogue Retrieval,CBR
Ranking and Selecting Synsets by Domain Relevance,RI
Searching the Subsumption Lattice by a Genetic Algorithm,ILP
Induction of Recursive Theories in the Normal ILP Setting: Issues and Solutions,ILP
Virtual Function Generators: Representing and Reusing Underlying Design Concepts in Conceptual Synthesis of Mechanisms for Function Generation,CBR
"COMPUTING FUNCTIONS OF A SHARED SECRET AMOS BEIMEL  , MIKE BURMESTER y , YVO DESMEDT z , AND EYAL KUSHILEVITZ x",RI
A Multiple-Domain Evaluation of Stratified Case-Based Reasoning,CBR
A Rule-based Question Answering System for Reading Comprehension Tests,RI
An Efficient and Flexible Format for Linguistic and Semantic Annotation,RI
A New Design and Implementation of Progol by Bottom-Up Computation,ILP
MacRad: Radiology Image Resource with a Case-Based Retrieval System,CBR
Integrating Semantic Structure and Technical Documentation in Case-Based Service Support Systems,CBR
Running head: LATENT SEMANTIC ANALYSIS AND KNOWLEDGE ASSESSMENT,RI
Using a Case Base of Surfaces to Speed-Up Reinforcement Learning,CBR
Relational Reinforcement Learning,ILP
InfoFrax: CBR in Fused Cast Refractory Manufacture,CBR
Some Limitations of Feature-Based Recognition in Case-Based Design,CBR
Case Adaptation Using an Incomplete Causal Model,CBR
Case-Based Reasoning for Expertise Relocation in Support of Rural Health Workers in Developing Countries,CBR
The Design of Sonically-Enhanced Widgets,SON
Case-Based Reasoning for Antibiotics Therapy Advice,CBR
Applying Memory-Based Learning to Indexing of Refer ence Ships for Case-Based Conceptual Ship Design,CBR
Latent Semantic Analysis Approaches to Categorization,RI
Sound Kitchen: Designing a Chemically Controlled Musical Performance,SON
Evaluation Corpora for Sense Disambiguation in the Medical Domain,RI
Using Case-Based Reasoning to Focus Model-Based Diagnostic Problem Solving,CBR
A New Approach for the Incremental Development of Adaptation Functions for CBR,CBR
"Collaborative Maintenance  A Distributed, Interactive Case-Base Maintenance Strategy",CBR
Learning Rules That Classify Ocular Fundus Images for Glaucoma Diagnosis,ILP
Automatically Constructing a Dictionary for Information Extraction Tasks,RI
APPLYING HYPERTEXT STRUCTURES TO SOFTWARE DOCUMENTATION,RI
Sonification and the Interaction of Perceptual Dimensions: Can the Data Get Lost in the Map?,SON
Local Predictions for Case-Based Plan Recognition,CBR
PITCH AND TIMBRE MANIPULATIONS USING CORTICAL REPRESENTATION OF SOUND,SON
Container Shipping: Operating System Support for I/O Intensive Applications,SON
Online Power­aware Routing in Wireless Ad­hoc Networks,RI
An Integrated Approach to Motion and Sound,SON
Similarity Guided Learning of the Case Description and Improvement of the System Performance in an Image Classification System,CBR
Qualitative Aspects of Auditory Direct Manipulation: A Case Study of the Towers of Hanoi,SON
Explanation-based Similarity: A Unifying Approach for Integrating Domain Knowledge into Case-based Reasoning for Diagnosis and Planning Tasks,CBR
A Novelty­based Evaluation Method for Information Retrieval,RI
Near Critical Path Analysis of Program Activity Graphs,SON
MODELING COLLISION SOUNDS: NON-LINEAR CONTACT FORCE,SON
Design and Implementation of a Multimedia Opera,SON
The Application of Case-Based Reasoning to the Tasks of Health Care Planning,CBR
Affect-Driven CBR to Generate Expressive Music,CBR
Subspace Morphing Theory for Appearance Based Object Identification,RI
Surfing the Digital Wave,CBR
Noise Detection and Elimination Applied to Noise Handling in a KRK Chess Endgame,ILP
A Knowledge Level Model of Knowledge-Based Reasoning,CBR
A Case-Based Approach to Image Recognition,CBR
Examining Locally Varying Weights for Nearest Neighbor Algorithms,CBR
Case Acquisition in a Project Planning Environment,CBR
Induction of Slovene Nominal Paradigms,ILP
Hierarchical Power­aware Routing in Sensor Networks,RI
Applications of Image Understanding in Semantics-Oriented Multimedia Information Retrieval,RI
Efficient Proof Encoding,ILP
A Symmetric Nearest Neighbor Learning Rule,CBR
Induction of Constraint Grammar-Rules Using Progol,ILP
Noise Tolerant Algorithms for Learning and Searching,RI
Towards a Unified Theory of Adaptation in Case-Based Reasoning,CBR
Utilizing the World Wide Web as an Encyclopedia: Extracting Term Descriptions from Semi­Structured Texts,RI
DESIGNING ENVIRONMENTAL SOUNDS BASED ON THE RESULTS OF INTERACTION BETWEEN OBJECTS IN THE REAL WORLD,SON
Maintaining Case-Based Reasoning Systems Using Fuzzy Decision Trees1,CBR
An Architecture for Knowledge Intensive CBR Systems,CBR
A Probabilistic Model for Case-Based Reasoning,CBR
Integrating Case Based Reasoning and Tabu Search for Solving Optimisation Problems,CBR
Induction of Logic Programs with More Than One Recursive Clause by Analyzing Saturations,ILP
A Hybrid Knowledge-Based System for Technical Diagnosis Learning and Assistance,CBR
Growth and Server Availability of the NCSTRL Digital Library,RI
Partial Orders and Indifference Relations: Being Purposefully Vague in Case-Based Retrieval,CBR
Applying ILP to Diterpene Structure Elucidation from 13C NMR Spectra,ILP
Bootstrapping Case Base Development with Annotated Case Summaries ,CBR
"Case Representation, Acquisition, and Retrieval in SIROCCO",CBR
Active Delivery for Lessons Learned Systems,CBR
Multilingual Information Retrieval based on Parallel Texts from the Web,RI
The Life Cycle of Test Cases in a CBR System,CBR
Instance Based Function Learning,ILP
On the Complexity of Some Inductive Logic Programming Problems ,ILP
Breaking the O(n 1=(2k 1) ) Barrier for Information­Theoretic Private Information Retrieval,RI
"Panorama: A Portable, Extensible Parallel Debugger",SON
A Dynamic Approach to Reducing Dialog in On-Line Decision Guides,CBR
A Hybrid Approach to Word Segmentation,ILP
Modular Preference Moore Machines in News Mining Agents,RI
The All-or-Nothing Nature of Two-Party Secure Computation,RI
Restructuring Chain Datalog Programs (Preliminary Report),ILP
A Case Retention Policy Based on Detrimental Retrieval,CBR
"Learning Boxes in High Dimension Amos Beimel y Eyal Kushilevitz z April 21, 1998",RI
Little Words Can Make a Big Difference for Text Classification,RI
Using Clustering Strategies for Creating Authority Files,RI
Tetravalent Miniantibodies with High Avidity Assembling in Escherichia coli,SON
Case-Based Planning to Learn,CBR
Production Tools for Electronic Arenas: Event Management and Content Production,SON
A Support System Based on CBR for the Design of Rubber Compounds in Motor Racing,CBR
Case-Based Quality Management System Using Expectation Values,CBR
Defining Similarity Measures: Top-Down vs. Bottom-Up,CBR
A First Study on Case-Based Planning in Organic Synthesis,CBR
A Memory-Based Hierarchical Planner,CBR
HUMAN PERCEPTION AND COMPUTER EXTRACTION OF MUSICAL BEAT STRENGTH,RI
Adaptive Rapid Serial Visual Presentation,SON
The Use of a Uniform Declarative Model in 3D Visualisation for Case-Based Reasoning,CBR
"Case-Based Reasoning for Candidate List Extraction in a Marketing Domain Michael Fagan, Konrad Bloor",CBR
Information­Theoretic Private Information Retrieval: A Unified Construction,RI
The Animation of Autonomous Actors Based on Production Rules,SON
Learning Subjective Nouns using Extraction Pattern Bootstrapping,RI
Handling Quantifiers in ILP,ILP
Analyzing and Learning ECG Waveforms,ILP
Personalized Conversational Case-Based Recommendation,CBR
Inferring Graphs from Walks (Extended Abstract),RI
ICARUS: Design and Deployment of a Case-Based Reasoning System for Locomotive Diagnostics,CBR
Robust Information­Theoretic Private Information Retrieval,RI
Building a Case-Based Decision Support System for Land Development Control Using Land Use Function Pattern,CBR
Lookahead and Discretization in ILP,ILP
A Tool for Range Sensing and Environment Discovery for the Blind,SON
Refining Complete Hypotheses in ILP,ILP
A Connectionist Indexing Approach for CBR Systems,CBR
"Case Based Reasoning, Fuzzy Systems Modeling and Solution Composition",CBR
Self­Organising Networks for Classification Learning from Normal and Aphasic Speech,RI
An Automatic and Guaranteed Determination of the Number of Roots of an Analytic Function Interior to A Simple Closed Curve in the Complex Plane,RI
Understanding Creativity: A Case-Based Approach,CBR
Applying the Rapid Serial Visual Presentation Techniqueto Small Screens,SON
A Case-Based Approach for Elaboration of Design Requirements,CBR
Improving Full­Text Precision on Short Queries using Simple Constraints,RI
Category-Based Filtering and User Stereotype Cases to Reduce the Latency Problem in Recommender Systems,CBR
Empirical Development of an Exponential Probabilistic Model for Text Retrieval,RI
Experiments in computer­assisted annotation of audio,RI
Experiments On Adaptation-Guided Retrieval In Case-Based Design,CBR
A Bootstrapping Method for Learning Semantic Lexicons using,RI
Hybrid­Search and Storage of Semi­structured Information,RI
Improved Bicriteria Existence Theorems for Scheduling,RI
DOGMA: A GA-Based Relational Learner,ILP
"University of Glasgow at the Web track of TREC 2002 Vassilis Plachouras, Iadh Ounis, Gianni Amati  , and C.J. Van Rijsbergen",RI
Automatic construction of parallel English­-Chinese corpus for cross­ language information retrieval,RI
Case-Based Reasoning for Cash Flow Forecasting using Fuzzy Retrieval,CBR
Organizing Encyclopedic Knowledge based on the Web and its Application to Question Answering,RI
INRECA: A Seamlessly Integrated System Based on Inductive Inference and Case-Based Reasoning,CBR
On the Power of Nonlinear Secret­Sharing,RI
Visualizing the Behavior of Higher Dimensional Dynamical Systems,SON
Coordinating the Interruption of People in Human-Computer Interaction,SON
Flexible Control of Case-Based Prediction in the Framework of Possibility Theory,CBR
A Utility-Based Approach to Learning in a Mixed Case-Based and Model-Based Reasoning Architecture,CBR
Spatial composition using cases : IDIOM,CBR
Presenting Dynamic Information on Mobile Computers,SON
Digital Image Similarity for Geo-spatial Knowledge Management,CBR
Beyond the Query­By­Example Paradigm: New Query Interfaces for Music Information Retrieval,RI
From Dots To Shapes: an auditor y haptic game platform for teaching geometry to blind pupils,SON
Artificial Synesthesia via Sonification: A Wearable Augmented Sensory System,SON
An Initial Experiment into Stereochemistry-Based Drug Design Using Inductive Logic Programming,ILP
Realizing Progol by Forward Reasoning,ILP
Combining Words and Compound Terms for Monolingual and Cross­Language Information Retrieval,RI
Gesture and Musical Interaction: Interactive Engagement Through Dynamic Morphology,SON
Supporting Electronic Design Reuse by Integrating Quality-Criteria into CBR-Based IP Selection,CBR
Synthesis of Sound Textures by Learning and Resampling of Wavelet Trees,SON
A New Approach to Solution Adaptation and Its Application for Design Purposes,CBR
Hybrid­Search and Storage of Semi­structured Information,RI
Applying Machine Translation to Two­Stage Cross­Language Information Retrieval,RI
How Well Can Passage Meaning be Derived without Using Word Order? A Comparison of Latent Semantic Analysis and Humans,RI
Automatically Selecting Strategies for Multi-Case-Base Reasoning,CBR
A Systematic Approach to Creating and Maintaining Software Documentation,RI
A Note on Two Simple Transformations for Improving the Efficiency of an ILP System,ILP
Cat­a­Cone: An Interactive Interface for Specifying Searches and Viewing Retrieval Results using a Large Category Hierarchy,RI
Reducing Lexical Semantic Complexity with Systematic Polysemous Classes and Underspecification,RI
Similarity Assessment for Generalizied Cases by Optimization Methods,CBR
Active Exploration in Instance-Based Preference Modeling,CBR
Activating CBR Systems through Autonomous Information Gathering,CBR
Granular Synthesis for Display of Time-Varying Probability Densities,SON
Discovering Internet Resources to Enrich a Structured Personal Information Space,RI
Learning from Positive Data,ILP
Integrated Case-Based Building Design,CBR
Combining Rule-Based and Case-Based Learning for Iterative Part-of-Speech Tagging,CBR
Polynomial-Time Learning in Logic Programming and Constraint Logic Programming,ILP
An Analogical Theory of Creativity in Design,CBR
Cautious Induction in Inductive Logic Programming,ILP
Which Hypotheses Can Be Found with Inverse Entailment?,ILP
Distances and Limits on Herbrand Interpretations,ILP
Morphosyntactic Tagging of Slovene Using Progol,ILP
Augmenting Reality Through The Coordinated Use of Diverse Interfaces,SON
Carcinogenesis Predictions Using ILP ,ILP
Fault Management in Computer Networks Using Case-Based Reasoning: DUMBO System,CBR
Diverse Product Recommendations Using an Expressive Language for Case Retrieval,CBR
Similarity Measures for Structured Representations,CBR
A Folder­Based Graphical Interface for an Information Retrieval System,RI
On Quality Measures for Case Base Maintenance,CBR
Combining LAPIS and WordNet for the Learning of LR Parsers with Optimal Semantic Constraints,ILP
Shaping a CBR View with XML,CBR
Efficient Reliable Communication over Partially Authenticated Networks,RI
Models for Metasearch,RI
Generating Numerical Literals During Refinement,ILP
Merge Strategies for Multiple Case Plan Replay ,CBR
Linguistic Annotation for the Semantic Web,RI
A Multivalued Conditional Logic with Probabilistic Interpretation for Causal Decision Theory,RI
An Assessment of ILP-Assisted Models for Toxicology and the PTE-3 Experiment,ILP
Some Properties of Inverse Resolution in Normal Logic Programs,ILP
Stratified Case-Based Reasoning in Non-Refinable Abstraction Hierarchies,CBR
ADAPtER: An Integrated Diagnostic System Combining Case-Based and Abductive Reasoning,CBR
Acquiring Graphic Design Knowledge with Nonmonotonic Inductive Learning,ILP
Inducing Shogi Heuristics Using Inductive Logic Programming,ILP
Probabilistic Surfaces: Point Based Primitives to Show Surface Uncertainty,SON
BioSonics: Sensual Explorations of a Complex System,SON
A Case Based Method for Solving Relatively Stable Dynamic Constraint Satisfaction Problems,CBR
Experiments on Case-Based Retrieval of Software Designs,CBR
Modeling the Multi-Sensory Design Space,SON
PBL: Prototype-Based Learning Algorithm,CBR
Sonification of Particle Systems via de Broglie's Hypothesis,SON
Similarity Measures for Structured Representations: A Definitional Approach,CBR
Analyses for Elucidating Current Question Answering Technology,RI
Evaluating a Multi-modal Reasoning System in Diabetes Care,CBR
New Conditions for the Existence of Least Generalizations under Relative Subsumption,ILP
Maintaining Unstructured Case Bases,CBR
Improving Case Representation and Case Base Maintenance in Recommender Agents,CBR
Bayesian Case Reconstruction,CBR
DISCRIMINATING VISIBLE SPEECH TOKENS USING MUL TI-MOD ALITY,SON
What You Saw Is What You Want: Using Cases to Seed Information Retrieval ,CBR
Managing Complex Knowledge in Natural Sciences,CBR
Three Power­aware Routing Algorithms for Sensor Networks,RI
Using Mobile Agents for Analyzing Intrusion in Computer Networks #,RI
"Generating, Visualizing, and Evaluating High­Quality Clusters for Information Organization",RI
Auditory Presentation of Graphical User Interfaces,SON
Flexibly Interleaving Processes,CBR
Artefact & Artifice : views on life Alan Dorin,SON
A Case-Based Approach for Developing Writing Tools Aimed at Non-native English Users,CBR
FILTERING NOISY PARALLEL CORPORA OF WEB PAGES,RI
Attribute-Value Learning Versus Inductive Logic Programming: The Missing Links (Extended Abstract),ILP
A New Algorithm for Learning Range Restricted Horn Expressions (Extended Abstract),ILP
Creative Design: Reasoning and Understanding,CBR
Refinement Operators Can Be (Weakly) Perfect,ILP
The Dynamic Absorbing Model for the Web,RI
LOWER BOUNDS FOR MONOTONE SPAN PROGRAMS,RI
An Experimental Study of Increasing Diversity for Case-Based Diagnosis,CBR
Analysis and Prediction of Piano Performances Using Inductive Logic Programming,ILP
KM-PEB: An Online Experience Base on Knowledge Management Technology,CBR
Problem Solving with The Incredible Machine An Experiment in Case-Based Reasoning,CBR
TileBars: Visualization of Term Distribution Information in Full Text Information Access,RI
SONIFICATION OF GEO-REFERENDED DATA FOR AUDITORY INFORMATION SEEKING: DESIGN PRINCIPLE AND PILOT STUDY,SON
Fuzzy Modelling of Case-Based Reasoning and Decision,CBR
A Reflective Architecture for Integrated Memory-based Learning and Reasoning,CBR
Lexical Semantics in the Age of the Semantic Web,RI
INFORMATION EXTRACTION AS A BASIS FOR PORTABLE TEXT CLASSIFICATION SYSTEMS,RI
Search and Adaptation in a Fuzzy Object Oriented Case Base,CBR
Refining Conversational Case Libraries,CBR
Case-Based Reasoning for Breast Cancer Treatment Decision Helping,CBR
Reuse of Knowledge: Empirical Studies,CBR
Empirically Validated Web Page Design Metrics,RI
Fish and Sink An Anytime-Algorithm to Retrieve Adequate Cases,CBR
Using Guidelines to Constrain Interactive Case-Based HTN Planning,CBR
Modelling the CBR Life Cycle Using Description Logics ,CBR
Factors Influencing the Dimer to Monomer Transition of an Antibody Single-Chain Fv Fragment,SON
Application of Different Learning Methods to Hungarian Part-of-Speech Tagging,ILP
Constructive Adaptation,CBR
Efficient Ø-Subsumption Based on Graph Algorithms,ILP
Systematic Predicate Invention in Inductive Logic Programming,ILP
Generalization under Implication by A-Subsumption,ILP
A Corpus­Based Approach for Building Semantic Lexicons,RI
Evaluating Database Selection Techniques: A Testbed and Experiment,RI
Distance Induction in First Order Logic,ILP
Efficient Searching in Distributed Digital Libraries,RI
Bayes Optimal Metasearch: A Probabilistic Model for Combining the Results of Multiple Retrieval Systems,RI
MUSESCAPE: AN INTERACTIVE CONTENT-AWARE MUSIC BROWSER,SON
Ocram-CBR: A Shell for Case-Based Educational Systems,CBR
Designing Non-Speech Sounds to Support Navigation in Mobile Phone Menus,SON
Bootstrapping for Text Learning Tasks,RI
A Large Case-Based Reasoner for Legal Cases,CBR
A-Life and Musical Composition: A Brief Survey,SON
On a Sufficient Condition for the Existence of Most Specific Hypothesis in Progol,ILP
An Automated Hybrid CBR System for Forecasting ,CBR
Using ILP to Improve Planning in Hierarchical Reinforcement Learning,ILP
Applying Case-Based Reasoning to Automated Deduction,CBR
Corpus­Based Identification of Non­Anaphoric Noun Phrases,RI
Estimating Software Development Effort with Case-Based Reasoning,CBR
Analysis of the Evolution of Peer­to­Peer Systems,RI
Comparison-Based Recommendation,CBR
 Empirical Development of an Exponential Probabilistic Model for Text Retrieval Using Textual Analysis to Build a Better Model,RI
Responsive Sonification of Well-logs,SON
Automatically Generating Extraction Patterns from Untagged Text,RI
Intelligent Case-Authoring Support in CaseMaker-2,CBR
Maintenance of a Case-Base for the Retrieval of Rotationally Symmetric Shapes for the Design of Metal Castings,CBR
A cross-modal electronic travel aid device,SON
Experimental Study of a Similarity Metric for Retrieving Pieces from Structured Plan Cases: Its Role in the Originality of Plan Case Solutions,CBR
Analogical Asides on Case-Based Reasoning,CBR
Reducing the Servers' Computation in Private Information Retrieval: PIR with Preprocessing,RI
1BC: A First-Order Bayesian Classifier,ILP
Using Prior Probabilities and Density Estimation for Relational Classification,ILP
Theory Completion Using Inverse Entailment,ILP
THE APPLICATION OF A METHOD FOR INTEGRATING NON-SPEECH AUDIO INTO HUMAN-COMPUTER INTERFACES,SON
Part-of-Speech Tagging Using Progol,ILP
A Unified CBR Architecture for Robot Navigation,CBR
An Evolutionary Approach to Case Adaptation,CBR
Adaptation Through Interpolation for Time-Critical Case-Based Reasoning,CBR
Supporting Reusability in a System Design Environment by Case-Based Reasoning Techniques,CBR
Concurrent Execution of Optimal Hypothesis Search for Inverse Entailment,ILP
Using Star Clusters for Filtering,RI
An Empirical Approach to Conceptual Case Frame Acquisition,RI
Metrics for Evaluating Database Selection Techniques,RI
Information Retrieval as Counterfactual,RI
A Practical Clustering Algorithm for Static and Dynamic Information Organization \Lambda,RI
Combining Divide-and-Conquer and Separate-and-Conquer for Efficient and Effective Rule Induction,ILP
"Combining CBR with Interactive Knowledge Acquisition, Manipulation and Reuse",CBR
Metasearch Consistency #,RI
PROFIL : a decision support tool for metallic sections design using a CBR approach,CBR
CBR for the Reuse of Image Processing Knowledge: A Recursive Retrieval/Adaptation Strategy,CBR
Parallel Web Text Mining for Cross-Language IR,RI
Adaptation Using Iterated Estimations,CBR
Audio Information Retrieval (AIR) Tools,RI
Metrics for Evaluating Database Selection Techniques,RI
"Speed-Up, Quality and Competence in Multi-modal Case-Based Reasoning",CBR
Applying a Hybrid Query Translation Method to Japanese/English Cross­Language Patent Retrieval,RI
Using Case-Based Reasoning for Reusing Software Knowledge,CBR
A WHISPER IN THE WOODS AN AMBIENT SOUNDSCAPE FOR PERIPHERAL AWARENESS OF REMOTE PROCESSES,SON
On the Complexity of Plan Adaptation by Derivational Analogy in a Universal Classical Planning Framework,CBR
Entropy-Based vs. Similarity-Influenced: Attribute Selection Methods for Dialogs Tested on Different Electronic Commerce Domains,CBR
Case-Based and Symbolic Classification - A Case Study -,CBR
An Unsupervised Semantic Tagger Applied to German,RI
Learning Phonetic Rules in a Speech Recognition System,ILP
Theoretical Analysis of Case Retrieval Method Based on Neighborhood of a New Problem,CBR
Integrating CBR and Heuristic Search for Learning and Reusing Solutions in Real-Time Task Scheduling,CBR
Detecting Traffic Problems with ILP,ILP
Knowledge Engineering for CBR systems from a Cognitive Science Perspective,CBR
Psychophysical Scaling of Sonification Mappings,SON
A Case-Based Methodology for Planning Individualized Case Oriented Tutoring,CBR
Using a Neural Network to Learn General Knowledge in a Case-Based System,CBR
Exploiting Strong Syntactic Heuristics and Co­Training to Learn Semantic Lexicons,RI
Inverse Entailment in Nonmonotonic Logic Programs,ILP
The Evaluation of a Hierarchical Case Representation Using Context Guided Retrieval,CBR
Supporting Tourism Culture via CBR,CBR
Repeat Learning Using Predicate Invention,ILP
Discovery of First-Order Regularities in a Relational Database Using Offline Candidate Determination,ILP
Integrating Hybrid Rule-Based with Case-Based Reasoning,CBR
WebSound: a generic Web sonification tool allowing HCI researchers to dynamically create new access modalities,SON
Improving Algorithms for Boosting,RI
On Hyperstructure and Musical Structure,SON
Approximate ILP Rules by Backpropagation Neural Network: A Result on Thai Character Recognition,ILP
VIRTUAL CONTACT: THE CONTINUUM FROM PURELY VISUAL TO PURELY PHYSICAL,SON
Speech­Driven Text Retrieval: Using Target IR Collections for Statistical Language Model Adaptation in Speech Recognition,RI
Selecting Most Adaptable Diagnostic Solutions through Pivoting-Based Retrieval,CBR
Case Library Reduction Applied to Pile Foundations,CBR
Learning to Adapt for Case-Based Design,CBR
Learning User Preferences in Case-Based Software Reuse,CBR
Probabilistic First-Order Classification,ILP
Integrating Rules and Cases for the Classification Task,CBR
An Efficient Approach to Similarity-Based Retrieval on Top of Relational Databases,CBR
The quest for auditory direct manipulation: The sonified Towers of Hanoi,SON
General Bounds on Statistical Query Learning and PAC Learning with Noise via Hypothesis Boosting,RI
Integration of Case Based Retrieval with a Relational Database System in Aircraft Technical Support,CBR
Feature Construction with Inductive Logic Programming: A Study of Quantitative Predictions of Biological Activity by Structural Attributes,ILP
Using Software Process Modeling for Building a Case-Based Reasoning Methodology: Basic Approach and Case Study,CBR
Case-Based Reasoning in Color Matching,CBR
CBR-Based Ultra Sonic Image Interpretation,CBR
Integrating Structural Search Capabilities Into Project Haystack,RI
Poetry Generation in COLIBRI,CBR
Normal Forms for Inductive Logic Programming,ILP
Data Manipulation Services in the Haystack IR System,RI
A Stochastic Simple Similarity,ILP
Integrating Rule-Based and Case-Based Decision Making in Diabetic Patient Management,CBR
Weighting Features,CBR
Hand Postures for Sonification Control - Extended,SON
Investigating Auditory Direct Manipulation: Sonifying the Towers of Hanoi,SON
Case-based Diagnosis of Multiple Faults,CBR
A Refinement Operator for Description Logics,ILP
Condorcet Fusion for Improved Retrieval #,RI
Case-Based Reasoning in an Ultrasonic Rail-Inspection System,CBR
On the Admissibility of Concrete Domains for CBR Based on Description Logics,CBR
Relational Knowledge Discovery in Databases,ILP
Least Generalizations under Implication,ILP
Modelling of the Ultrasound Return from Albunex Microspheres,SON
Lessons Learned from Deployed CBR Systems and Design Decisions Made in Building a Commercial CBR Tool,CBR
Information Extraction as a Stepping Stone toward Story Understanding,RI
An Approach to Aggregating Ensembles of Lazy Learners That Supports Explanation,CBR
Large-Scale Fault Diagnosis for On-Board Train Systems,CBR
Specification and Simulation of Statistical Query Algorithms for Eficiency and Noise Tolerance,RI
Selecting and Comparing Multiple Cases to Maximise Result Quality after Adaptation in Case-Based Adaptive Scheduling,CBR
A Haptic Back Display for Attentional and Directional Cueing,SON
Buses for Anonymous Message Delivery,RI
Similarity Evaluation Between Observed Behaviours for the Prediction of Processes,CBR
A Sonification Enhanced Navigation Tool,SON
A new approach to clustering,RI
N >> 2: Multi­speaker Display Systems for Virtual Reality and Spatial Audio Projection,RI
Inductive Learning for Case-Based Diagnosis with Multiple Faults,CBR
An Information­theoretic Measure for Document Similarity,RI
MODELING AND SONIFYING PEN STROKES ON SURFACES,SON
Evaluating the Application of CBR in Mesh Design for Simulation Problems,CBR
Stochastic Propositionalization of Non-determinate Background Knowledge,ILP
Case-Based Reasoning for Information System Design,CBR
Learning First-Order Acyclic Horn Programs from Entailment,ILP
Route Planning by Analogy,CBR
"Prolog, Refinements and RLGGs",ILP
Development and Utilization of a Case-Based Help-Desk Support System in a Corporate Environment,CBR
Genetic Algorithms to Optimise CBR Retrieval,CBR
A Similarity Metric for Retrieval of Cases Imperfectly Explained ,CBR
An Architecture for Spatial Audio Servers,SON
Diversity-Conscious Retrieval,CBR
Personify a toolkit for perceptually meaningful sonification,SON
A Corpus-based Bootstrapping Algorithm for Semi-Automated Semantic Lexicon Construction,RI
Indexing by Latent Semantic Analysis,RI
The Adaptation Knowledge Bottleneck: How to Ease it by Learning from Cases,CBR
Extending K-Means Clustering to First-Order Representations,ILP
An Average-Case Analysis of k-Nearest Neighbor Classifier,CBR
"Systems, Tasks and Adaptation Knowledge: Revealing Some Revealing Dependencies",CBR
Extending Synsets with Medical Terms,RI
PERSONAL WEBMELODY: CUSTOMIZED SONIFICATION OF WEB SERVERS,SON
Building Compact Competent Case-Bases,CBR
Improving Part of Speech Disambiguation Rules by Adding Linguistic Knowledge,ILP
"WebSound: a generic Web sonification tool, and its application to an auditory Web browser for blind and visually impaired users",SON
Communication in Key Distribution Schemes \Lambda,RI
From Troubleshooting to Process Design: Closing the Manufacturing Loop,CBR
Exploiting Taxonomic and Causal Relations in Conversational Case Retrieval,CBR
Knowledge Engineering Requirements in Derivational Analogy,CBR
CBR in a Changing Environment,CBR
Principal Curve Sonification,SON
A Hybrid Case-Based Reasoner for Footwear Design,CBR
Inductive Logic Program Synthesis with DIALOGS,ILP
Learning Dictionaries for Information Extraction by Multi­Level Bootstrapping,RI
ELSI: A Medical Equipment Diagnostic System,CBR
An Architecture for a CBR Image Segmentation System,CBR
Distributed Energy­conserving Routing Protocols,RI
Representing Temporal Knowledge for Case-Based Prediction,CBR
EXTRACTION­BASED TEXT CATEGORIZATION: GENERATING DOMAIN­SPECIFIC ROLE RELATIONSHIPS AUTOMATICALLY,RI
Sorted Downward Refinement: Building Background Knowledge into a Refinement Operator for Inductive Logic Programming,ILP
